<?xml version='1.0' encoding='utf-8'?>
<Server port="8005" shutdown="SHUTDOWN">
  <Listener className="org.apache.catalina.startup.VersionLoggerListener" />
  <!--APR library loader. Documentation at /docs/apr.html -->
  <Listener className="org.apache.catalina.core.AprLifecycleListener" SSLEngine="on" />
  <!-- Prevent memory leaks due to use of particular java/javax APIs-->
  <Listener className="org.apache.catalina.core.JreMemoryLeakPreventionListener" />
  <Listener className="org.apache.catalina.mbeans.GlobalResourcesLifecycleListener" />
  <Listener className="org.apache.catalina.core.ThreadLocalLeakPreventionListener" />

  <Service name="Catalina">
    <!-- ajp documentation at http://tomcat.apache.org/tomcat-8.0-doc/config/ajp.html -->
    <Connector port="8080"
        protocol="org.apache.coyote.http11.Http11AprProtocol"
        executor="tomcatThreadPool"
        compression="on"
        compressionMinSize="2048"
        maxThreads="200"
        minSpareThreads="20"
        enableLookups="false"
        redirectPort="8443"
        acceptCount="1000"
        debug="0"
        connectionTimeout="1000"
        disableUploadTimeout="true" 
        URIEncoding="UTF-8"
        useBodyEncodingForURI="true" />

    <Engine name="Catalina" defaultHost="localhost">
      <Host name="localhost"  appBase="webapps"
            unpackWARs="true" autoDeploy="true">
        <Valve className="org.apache.catalina.valves.AccessLogValve" directory="logs"
               prefix="localhost_access_log" suffix=".txt"
               pattern="%h %l %u %t &quot;%r&quot; %s %b" />
      </Host>
    </Engine>
  </Service>
</Server>
