<?xml version="1.0" encoding="UTF-8"?>
<!DOCTYPE log4j:configuration PUBLIC "-//APACHE//DTD LOG4J 1.2//EN" "log4j.dtd">
<log4j:configuration xmlns:log4j="http://jakarta.apache.org/log4j/">

	<!-- Appenders -->
	<appender name="console" class="org.apache.log4j.ConsoleAppender">
		<param name="Target" value="System.out" />
		<param name="Threshold" value="DEBUG"/>
		<layout class="org.apache.log4j.PatternLayout">
			<param name="ConversionPattern" value="%d|%C{1}|%m%n" />
		</layout>
	</appender>

	<!-- Loggers -->
	<logger name="xpadro.spring.web">
		<level value="debug" />
	</logger>
	
	<root>
		<priority value="info" />
		<appender-ref ref="console" />
	</root>
</log4j:configuration>