<?xml version="1.0" encoding="UTF-8"?>
<!DOCTYPE log4j:configuration SYSTEM "log4j.dtd">
<log4j:configuration xmlns:log4j="http://jakarta.apache.org/log4j/">

	<!-- Appenders -->
	<appender name="console" class="org.apache.log4j.ConsoleAppender">
		<param name="Target" value="System.out" />
		<param name="Threshold" value="INFO"/>
		<layout class="org.apache.log4j.PatternLayout">
			<param name="ConversionPattern" value="%d|%m%n" />
		</layout>
	</appender>

	<!-- Loggers -->
	<logger name="main">
		<level value="debug" />
	</logger>
	
	<root>
		<priority value="info" />
		<appender-ref ref="console" />
	</root>
</log4j:configuration>