<?xml version="1.0" encoding="UTF-8" ?>
<beans xmlns="http://www.springframework.org/schema/beans"
       xmlns:xsi="http://www.w3.org/2001/XMLSchema-instance"
       xmlns:p="http://www.springframework.org/schema/p"
       xsi:schemaLocation="http://www.springframework.org/schema/beans
     http://www.springframework.org/schema/beans/spring-beans-4.2.xsd">

    <bean id="greetingBefore" class="com.brianway.learning.spring.aop.advice.GreetingBeforeAdvice"/>
    <bean id="greetingAfter" class="com.brianway.learning.spring.aop.advice.GreetingAfterAdvice"/>
    <bean id="greetingAdvice" class="com.brianway.learning.spring.aop.advice.GreetingBeforeAdvice"/>
    <bean id="greetingAround" class="com.brianway.learning.spring.aop.advice.GreetingInterceptor"/>
    <bean id="target" class="com.brianway.learning.spring.aop.advice.NaiveWaiter"/>

    <!--1. greetingAdvice -->
    <bean id="waiter-greetingAdvice"
          class="org.springframework.aop.framework.ProxyFactoryBean"
          p:proxyInterfaces="com.brianway.learning.spring.aop.advice.Waiter"
          p:target-ref="target"
          p:interceptorNames="greetingAdvice"/>

    <!--2. before and after advice -->
    <bean id="waiter-beforeAndAfter"
          class="org.springframework.aop.framework.ProxyFactoryBean"
          p:proxyInterfaces="com.brianway.learning.spring.aop.advice.Waiter"
          p:target-ref="target"
          p:interceptorNames="greetingBefore,greetingAfter"/>

    <!--3. around advice -->
    <bean id="waiter-around"
          class="org.springframework.aop.framework.ProxyFactoryBean"
          p:proxyInterfaces="com.brianway.learning.spring.aop.advice.Waiter"
          p:target-ref="target"
          p:interceptorNames="greetingAround"/>

    <!--4. 异常抛出增强  -->
    <bean id="forumServiceTarget" class="com.brianway.learning.spring.aop.advice.ForumService"/>
    <bean id="transactionManager" class="com.brianway.learning.spring.aop.advice.TransactionManager"/>
    <bean id="forumService" class="org.springframework.aop.framework.ProxyFactoryBean"
          p:interceptorNames="transactionManager"
          p:target-ref="forumServiceTarget"
          p:proxyTargetClass="true"/>

</beans>
