<?xml version="1.0" encoding="UTF-8"?>
<beans xmlns="http://www.springframework.org/schema/beans"
    xmlns:xsi="http://www.w3.org/2001/XMLSchema-instance"
    xmlns:context="http://www.springframework.org/schema/context"
    xmlns:util="http://www.springframework.org/schema/util"
    xmlns:dubbo="http://code.alibabatech.com/schema/dubbo"
    xsi:schemaLocation="http://www.springframework.org/schema/beans http://www.springframework.org/schema/beans/spring-beans.xsd
       	http://www.springframework.org/schema/util http://www.springframework.org/schema/util/spring-util.xsd
       	http://www.springframework.org/schema/context http://www.springframework.org/schema/context/spring-context.xsd
        http://code.alibabatech.com/schema/dubbo http://code.alibabatech.com/schema/dubbo/dubbo.xsd">

    <context:component-scan base-package="com.mindflow.dubbo.provider" />
    <context:annotation-config />

    <!-- 提供方应用信息，用于计算依赖关系 -->
    <dubbo:application name="dubbo-demo-provider"  />
 
 	<!-- 使用zookeeper注册中心暴露服务地址 -->
    <!--<dubbo:registry protocol="zookeeper" address="127.0.0.1:2181,192.10.10.1:2181" />-->

    <!-- 使用multicast广播注册中心暴露服务地址 -->
    <dubbo:registry address="multicast://224.5.6.7:1234"/>

    <!-- 用dubbo协议在20880端口暴露服务 -->
    <dubbo:protocol name="dubbo" port="21999" />
 
    <!-- 声明需要暴露的服务接口 -->
    <dubbo:service interface="com.mindflow.api.DemoService" ref="demoService" version="1.0.0" />
    <dubbo:service interface="com.mindflow.api.HelloService" ref="helloService" version="1.0.0" />
  
</beans>