<?xml version="1.0" encoding="UTF-8"?>
<beans xmlns="http://www.springframework.org/schema/beans"
       xmlns:xsi="http://www.w3.org/2001/XMLSchema-instance"
       xmlns:context="http://www.springframework.org/schema/context"
       xmlns:util="http://www.springframework.org/schema/util"
       xmlns:dubbo="http://code.alibabatech.com/schema/dubbo"
       xsi:schemaLocation="http://www.springframework.org/schema/beans http://www.springframework.org/schema/beans/spring-beans.xsd
       	http://www.springframework.org/schema/util http://www.springframework.org/schema/util/spring-util.xsd
       	http://www.springframework.org/schema/context http://www.springframework.org/schema/context/spring-context.xsd
        http://code.alibabatech.com/schema/dubbo http://code.alibabatech.com/schema/dubbo/dubbo.xsd">

    <context:component-scan base-package="com.mindflow.dubbo.provider" />
    <context:annotation-config />

    <!-- 提供方应用信息，用于计算依赖关系 -->
    <dubbo:application name="dubbo-demo-provider"  />
 
 	<!-- 使用zookeeper注册中心暴露服务地址 -->
    <dubbo:registry id="zk_registry" address="zookeeper://127.0.0.1:2181" />
 
 	<!-- 多协议配置 -->
    <dubbo:protocol name="dubbo" port="21996" />
    <dubbo:protocol name="rmi" port="21997" />
    
    <!-- 使用dubbo协议暴露服务 -->
    <dubbo:service interface="com.mindflow.api.DemoService" ref="demoService" protocol="dubbo" />
    <!-- 使用rmi协议暴露服务 -->
 	<dubbo:service interface="com.mindflow.api.HelloService" ref="helloService" protocol="rmi"  />
 	
 
</beans>