<?xml version="1.0" encoding="UTF-8"?>
<beans xmlns="http://www.springframework.org/schema/beans"
       xmlns:xsi="http://www.w3.org/2001/XMLSchema-instance"
       xmlns:context="http://www.springframework.org/schema/context"
       xmlns:util="http://www.springframework.org/schema/util"
       xmlns:dubbo="http://code.alibabatech.com/schema/dubbo"
       xsi:schemaLocation="http://www.springframework.org/schema/beans http://www.springframework.org/schema/beans/spring-beans.xsd
       	http://www.springframework.org/schema/util http://www.springframework.org/schema/util/spring-util.xsd
       	http://www.springframework.org/schema/context http://www.springframework.org/schema/context/spring-context.xsd
        http://code.alibabatech.com/schema/dubbo http://code.alibabatech.com/schema/dubbo/dubbo.xsd">

    <context:component-scan base-package="com.mindflow.dubbo.provider" />
    <context:annotation-config />

    <!-- 提供方应用信息，用于计算依赖关系 -->
    <dubbo:application name="dubbo-demo-provider"  />
 
 	<!-- 多注册中心配置 -->
    <dubbo:registry id="qd_registry" address="zookeeper://127.0.0.1:2181" />
    <dubbo:registry id="wh_registry" address="zookeeper://127.0.0.1:2183"  default="false" />
    
    <!-- 用dubbo协议在20880端口暴露服务 -->
    <dubbo:protocol name="dubbo" port="21998" />
 
    <!-- 声明需要暴露的服务接口 -->
    <dubbo:service interface="com.mindflow.api.DemoService" ref="demoService" registry="qd_registry" />
  	<dubbo:service interface="com.mindflow.api.HelloService" ref="helloService" registry="wh_registry"  />
  	
</beans>