<configuration debug="false">
    <contextName>dubbox-demo-consumer</contextName>
    <property name="LOG_DIR" value="D:/logs/" />

    <appender name="STDOUT" class="ch.qos.logback.core.ConsoleAppender">
        <encoder>
            <pattern>%d{yyyy-MM-dd HH:mm:ss.SSS} [%thread] %-5level %logger - %msg%n</pattern>
        </encoder>
    </appender>

    <appender name="appInfo" class="ch.qos.logback.core.rolling.RollingFileAppender">
        <file>${LOG_DIR}/info/dubbox-demo-consumer.log</file>
        <append>true</append>

        <filter class="ch.qos.logback.classic.filter.ThresholdFilter">
            <level>INFO</level>
        </filter>

        <rollingPolicy class="ch.qos.logback.core.rolling.TimeBasedRollingPolicy">
            <fileNamePattern>${LOG_DIR}/info/dubbox-demo-consumer.%d{yyyy-MM-dd}-info.log.gz
            </fileNamePattern>
            <maxHistory>360</maxHistory>
        </rollingPolicy>

        <encoder class="ch.qos.logback.classic.encoder.PatternLayoutEncoder">
            <pattern>%d{yyyy-MM-dd HH:mm:ss.SSS} [%thread] %-5level %logger - %msg%n</pattern>
        </encoder>
    </appender>

    <!-- AsyncAppender -->
    <appender name="appInfoAsync" class="ch.qos.logback.classic.AsyncAppender">
        <discardingThreshold>10</discardingThreshold>
        <queueSize>2000</queueSize>
        <appender-ref ref="appInfo" />
    </appender>

    <root level="INFO">
        <appender-ref ref="STDOUT" />
        <appender-ref ref="appInfoAsync" />
    </root>
</configuration>